timestamp,ghi
2026-07-30 02:00:00+02:00,0.0
2026-07-30 03:00:00+02:00,0.0
2026-07-30 04:00:00+02:00,0.0
2026-07-30 05:00:00+02:00,0.0
2026-07-30 06:00:00+02:00,1.0
2026-07-30 07:00:00+02:00,49.0
2026-07-30 08:00:00+02:00,186.0
2026-07-30 09:00:00+02:00,359.0
2026-07-30 10:00:00+02:00,529.0
2026-07-30 11:00:00+02:00,676.0
2026-07-30 12:00:00+02:00,781.0
2026-07-30 13:00:00+02:00,850.0
2026-07-30 14:00:00+02:00,858.0
2026-07-30 15:00:00+02:00,827.0
2026-07-30 16:00:00+02:00,743.0
2026-07-30 17:00:00+02:00,621.0
2026-07-30 18:00:00+02:00,456.0
2026-07-30 19:00:00+02:00,284.0
2026-07-30 20:00:00+02:00,113.0
2026-07-30 21:00:00+02:00,10.0
2026-07-30 22:00:00+02:00,0.0
2026-07-30 23:00:00+02:00,0.0
2026-07-31 00:00:00+02:00,0.0
2026-07-31 01:00:00+02:00,0.0
2026-07-31 02:00:00+02:00,0.0
2026-07-31 03:00:00+02:00,0.0
2026-07-31 04:00:00+02:00,0.0
2026-07-31 05:00:00+02:00,0.0
2026-07-31 06:00:00+02:00,1.0
2026-07-31 07:00:00+02:00,48.0
2026-07-31 08:00:00+02:00,191.0
2026-07-31 09:00:00+02:00,362.0
2026-07-31 10:00:00+02:00,537.0
2026-07-31 11:00:00+02:00,679.0
2026-07-31 12:00:00+02:00,786.0
2026-07-31 13:00:00+02:00,854.0
2026-07-31 14:00:00+02:00,856.0
2026-07-31 15:00:00+02:00,818.0
2026-07-31 16:00:00+02:00,737.0
2026-07-31 17:00:00+02:00,614.0
2026-07-31 18:00:00+02:00,439.0
2026-07-31 19:00:00+02:00,274.0
2026-07-31 20:00:00+02:00,102.0
2026-07-31 21:00:00+02:00,6.0
2026-07-31 22:00:00+02:00,0.0
2026-07-31 23:00:00+02:00,0.0
2026-08-01 00:00:00+02:00,0.0
2026-08-01 01:00:00+02:00,0.0
