timestamp,solar_zenith_deg,solar_azimuth_deg,aoi_deg,ghi_w_m2,dni_w_m2,dhi_w_m2,poa_global_w_m2,poa_direct_w_m2,poa_diffuse_w_m2,iam,poa_effective_w_m2
2026-07-30 00:00:00+02:00,113.55263282334614,339.5679883019859,59.3995458796227,0.0,0.0,0.0,0.0,0.0,0.0,0.9490424983809049,0.0
2026-07-30 00:05:00+02:00,113.85077902617789,340.8204269674194,60.58445686856601,0.0,0.0,0.0,0.0,0.0,0.0,0.9428761935023515,0.0
2026-07-30 00:10:00+02:00,114.13075472002716,342.0806709313625,61.769328922377895,0.0,0.0,0.0,0.0,0.0,0.0,0.9359889843666397,0.0
2026-07-30 00:15:00+02:00,114.39231425992446,343.34833309368275,62.954107569996815,0.0,0.0,0.0,0.0,0.0,0.0,0.9282959491409091,0.0
2026-07-30 00:20:00+02:00,114.63522433323016,344.62299960503674,64.13873926669382,0.0,0.0,0.0,0.0,0.0,0.0,0.9197016945657532,0.0
2026-07-30 00:25:00+02:00,114.85926514157052,345.9042321214283,65.32317240790466,0.0,0.0,0.0,0.0,0.0,0.0,0.9100989529671892,0.0
2026-07-30 00:30:00+02:00,115.0642310131859,347.1915675126155,66.50735581689021,0.0,0.0,0.0,0.0,0.0,0.0,0.8993669896256536,0.0
2026-07-30 00:35:00+02:00,115.24993145757054,348.48452032548863,67.69123963499491,0.0,0.0,0.0,0.0,0.0,0.0,0.887369749173299,0.0
2026-07-30 00:40:00+02:00,115.41619185859086,349.78258371527113,68.8747746374412,0.0,0.0,0.0,0.0,0.0,0.0,0.8739537278068157,0.0
2026-07-30 00:45:00+02:00,115.56285416353687,351.0852305382294,70.05791156242316,0.0,0.0,0.0,0.0,0.0,0.0,0.8589455106768273,0.0
2026-07-30 00:50:00+02:00,115.68977771912304,352.3919163563662,71.24060203759743,0.0,0.0,0.0,0.0,0.0,0.0,0.8421488890548754,0.0
2026-07-30 00:55:00+02:00,115.79683973595593,353.7020799797074,72.42279713490805,0.0,0.0,0.0,0.0,0.0,0.0,0.8233415291131314,0.0
2026-07-30 01:00:00+02:00,115.88393597524046,355.0151469486624,73.60444847063481,0.0,0.0,0.0,0.0,0.0,0.0,0.8022710344603186,0.0
2026-07-30 01:05:00+02:00,115.95098110762021,356.3305303347575,74.78550677380993,0.0,0.0,0.0,0.0,0.0,0.0,0.7786503595444987,0.0
2026-07-30 01:10:00+02:00,115.99790919822662,357.6476344621114,75.96592299486667,0.0,0.0,0.0,0.0,0.0,0.0,0.7521523492166291,0.0
2026-07-30 01:15:00+02:00,116.02467394016767,358.965855896682,77.14564688231052,0.0,0.0,0.0,0.0,0.0,0.0,0.7224033182363176,0.0
2026-07-30 01:20:00+02:00,116.03124892111497,0.28458714784324,78.32462793657564,0.0,0.0,0.0,0.0,0.0,0.0,0.6889753512401041,0.0
2026-07-30 01:25:00+02:00,116.01762771600175,1.603218647537858,79.50281478083924,0.0,0.0,0.0,0.0,0.0,0.0,0.651377127021155,0.0
2026-07-30 01:30:00+02:00,115.98382393509664,2.9211407476245768,80.68015453306101,0.0,0.0,0.0,0.0,0.0,0.0,0.6090428934342133,0.0
2026-07-30 01:35:00+02:00,115.92987114113102,4.237747481660733,81.85659375602094,0.0,0.0,0.0,0.0,0.0,0.0,0.5613190859605992,0.0
2026-07-30 01:40:00+02:00,115.85582272922727,5.552437647433692,83.03207703585562,0.0,0.0,0.0,0.0,0.0,0.0,0.5074481617605208,0.0
2026-07-30 01:45:00+02:00,115.76175162144482,6.864618664391628,84.20654808251946,0.0,0.0,0.0,0.0,0.0,0.0,0.44654874478487083,0.0
2026-07-30 01:50:00+02:00,115.64775001005856,8.173707535285644,85.3799483023848,0.0,0.0,0.0,0.0,0.0,0.0,0.37759135611670813,0.0
2026-07-30 01:55:00+02:00,115.51392883568997,9.479134531258296,86.55221788667903,0.0,0.0,0.0,0.0,0.0,0.0,0.2993682843627934,0.0
2026-07-30 02:00:00+02:00,115.36041740827496,10.780343951488476,87.72329437436245,0.0,0.0,0.0,0.0,0.0,0.0,0.2104562797789929,0.0
2026-07-30 02:05:00+02:00,115.1873627118083,12.0767973827476,88.89311356738502,0.0,0.0,0.0,0.0,0.0,0.0,0.1091697058914202,0.0
2026-07-30 02:10:00+02:00,114.99492880111202,13.367975058196294,90.06160886439167,0.0,0.0,0.0,0.0,0.0,0.0,0.0,0.0
2026-07-30 02:15:00+02:00,114.78329618377768,14.653377066036285,91.22871058555516,0.0,0.0,0.0,0.0,0.0,0.0,0.0,0.0
2026-07-30 02:20:00+02:00,114.55266086979171,15.93252612017477,92.39434685667807,0.0,0.0,0.0,0.0,0.0,0.0,0.0,0.0
2026-07-30 02:25:00+02:00,114.3032337879688,17.2049675596528,93.55844212806923,0.0,0.0,0.0,0.0,0.0,0.0,0.0,0.0
2026-07-30 02:30:00+02:00,114.03523968745772,18.470271918849562,94.72091818478708,0.0,0.0,0.0,0.0,0.0,0.0,0.0,0.0
2026-07-30 02:35:00+02:00,113.7489165215482,19.728034574717526,95.8816926418183,0.0,0.0,0.0,0.0,0.0,0.0,0.0,0.0
2026-07-30 02:40:00+02:00,113.44451425160912,20.97787793097143,97.04067991898079,0.0,0.0,0.0,0.0,0.0,0.0,0.0,0.0
2026-07-30 02:45:00+02:00,113.12229422816385,22.21945071215191,98.19778970488844,0.0,0.0,0.0,0.0,0.0,0.0,0.0,0.0
2026-07-30 02:50:00+02:00,112.78252797515096,23.452429603824044,99.35292773497987,0.0,0.0,0.0,0.0,0.0,0.0,0.0,0.0
2026-07-30 02:55:00+02:00,112.42549636277393,24.67651903568708,100.50599499138656,0.0,0.0,0.0,0.0,0.0,0.0,0.0,0.0
2026-07-30 03:00:00+02:00,112.05148882630853,25.891450820263685,101.65688688351568,0.0,0.0,0.0,0.0,0.0,0.0,0.0,0.0
2026-07-30 03:05:00+02:00,111.66080209969584,27.096985269009906,102.80549394666419,0.0,0.0,0.0,0.0,0.0,0.0,0.0,0.0
2026-07-30 03:10:00+02:00,111.2537397065591,28.29290971358006,103.9517001953212,0.0,0.0,0.0,0.0,0.0,0.0,0.0,0.0
2026-07-30 03:15:00+02:00,110.83061065186676,29.479039489655463,105.09538391185293,0.0,0.0,0.0,0.0,0.0,0.0,0.0,0.0
2026-07-30 03:20:00+02:00,110.39172899441749,30.655216222471495,106.23641593864154,0.0,0.0,0.0,0.0,0.0,0.0,0.0,0.0
2026-07-30 03:25:00+02:00,109.93741255833129,31.82130855839489,107.37466038914242,0.0,0.0,0.0,0.0,0.0,0.0,0.0,0.0
2026-07-30 03:30:00+02:00,109.46798260182139,32.97721026535112,108.50997286647288,0.0,0.0,0.0,0.0,0.0,0.0,0.0,0.0
2026-07-30 03:35:00+02:00,108.98376262966804,34.122840609204104,109.6422009305275,0.0,0.0,0.0,0.0,0.0,0.0,0.0,0.0
2026-07-30 03:40:00+02:00,108.48507783896355,35.258143085210236,110.77118298639415,0.0,0.0,0.0,0.0,0.0,0.0,0.0,0.0
2026-07-30 03:45:00+02:00,107.97225464046669,36.38308411505591,111.89674712632787,0.0,0.0,0.0,0.0,0.0,0.0,0.0,0.0
2026-07-30 03:50:00+02:00,107.44561953870543,37.4976532094783,113.01871142402449,0.0,0.0,0.0,0.0,0.0,0.0,0.0,0.0
2026-07-30 03:55:00+02:00,106.9054990771865,38.601860825269455,114.13688189826384,0.0,0.0,0.0,0.0,0.0,0.0,0.0,0.0
2026-07-30 04:00:00+02:00,106.35221871124531,39.69573859957188,115.25105281772524,0.0,0.0,0.0,0.0,0.0,0.0,0.0,0.0
2026-07-30 04:05:00+02:00,105.7861028677606,40.77933718766201,116.36100452596332,0.0,0.0,0.0,0.0,0.0,0.0,0.0,0.0
2026-07-30 04:10:00+02:00,105.20747387423982,41.852726452874435,117.46650357835236,0.0,0.0,0.0,0.0,0.0,0.0,0.0,0.0
2026-07-30 04:15:00+02:00,104.61665213143769,42.9159933196612,118.5673004000984,0.0,0.0,0.0,0.0,0.0,0.0,0.0,0.0
2026-07-30 04:20:00+02:00,104.01395517850791,43.96924181344775,119.66312907971924,0.0,0.0,0.0,0.0,0.0,0.0,0.0,0.0
2026-07-30 04:25:00+02:00,103.39969756490487,45.012591662992065,120.75370556386962,0.0,0.0,0.0,0.0,0.0,0.0,0.0,0.0
2026-07-30 04:30:00+02:00,102.77419078844432,46.04617695047318,121.83872574987976,0.0,0.0,0.0,0.0,0.0,0.0,0.0,0.0
2026-07-30 04:35:00+02:00,102.13774243607851,47.07014617773643,122.91786490955464,0.0,0.0,0.0,0.0,0.0,0.0,0.0,0.0
2026-07-30 04:40:00+02:00,101.49065661172244,48.084660278226806,123.99077479092551,0.0,0.0,0.0,0.0,0.0,0.0,0.0,0.0
2026-07-30 04:45:00+02:00,100.83323304453688,49.089892871431005,125.05708289496495,0.0,0.0,0.0,0.0,0.0,0.0,0.0,0.0
2026-07-30 04:50:00+02:00,100.16576760638468,50.086028367724396,126.11638928640541,0.0,0.0,0.0,0.0,0.0,0.0,0.0,0.0
2026-07-30 04:55:00+02:00,99.48855146064206,51.07326228079853,127.1682655312297,0.0,0.0,0.0,0.0,0.0,0.0,0.0,0.0
2026-07-30 05:00:00+02:00,98.80187166119698,52.051799434674535,128.2122511752547,0.0,0.0,0.0,0.0,0.0,0.0,0.0,0.0
2026-07-30 05:05:00+02:00,98.10601043015464,53.02185421320718,129.24785216034684,0.08333333333333333,0.0,0.08333333333333333,0.05208333333333333,0.0,0.05208333333333333,0.0,0.05208333333333333
2026-07-30 05:10:00+02:00,97.40124536053396,53.98364952217537,130.27453762462727,0.16666666666666666,0.0,0.16666666666666666,0.10416666666666666,0.0,0.10416666666666666,0.0,0.10416666666666666
2026-07-30 05:15:00+02:00,96.68784966497348,54.937415817300234,131.29173651796097,0.25,0.0,0.25,0.15625,0.0,0.15625,0.0,0.15625
2026-07-30 05:20:00+02:00,95.966091493167,55.883391460084454,132.29883537617036,0.3333333333333333,0.0,0.3333333333333333,0.20833333333333331,0.0,0.20833333333333331,0.0,0.20833333333333331
2026-07-30 05:25:00+02:00,95.23623469964261,56.821821195870825,133.2951738325554,0.41666666666666663,0.0,0.41666666666666663,0.26041666666666663,0.0,0.26041666666666663,0.0,0.26041666666666663
2026-07-30 05:30:00+02:00,94.49853809145166,57.75295671601833,134.28004209269093,0.5,0.0,0.5,0.3125,0.0,0.3125,0.0,0.3125
2026-07-30 05:35:00+02:00,93.75325625067991,58.677055243342295,135.25267606288043,0.5833333333333333,0.0,0.5833333333333333,0.36458333333333326,0.0,0.36458333333333326,0.0,0.36458333333333326
2026-07-30 05:40:00+02:00,93.00063879930538,59.59438016845206,136.21225442384622,0.6666666666666666,0.0,0.6666666666666666,0.41666666666666663,0.0,0.41666666666666663,0.0,0.41666666666666663
2026-07-30 05:45:00+02:00,92.24093127004313,60.505199739392026,137.15789345500252,0.75,0.0,0.75,0.46875,0.0,0.46875,0.0,0.46875
2026-07-30 05:50:00+02:00,91.47437448776503,61.409787649732266,138.08864369974413,0.8333333333333333,0.0,0.8333333333333333,0.5208333333333333,0.0,0.5208333333333333,0.0,0.5208333333333333
2026-07-30 05:55:00+02:00,90.10791966589476,62.30842243291727,139.00830547926108,0.9166666666666666,0.0,0.9166666666666666,0.5729166666666666,0.0,0.5729166666666666,0.0,0.5729166666666666
2026-07-30 06:00:00+02:00,89.4516501302094,63.20138691335637,139.89827079145866,1.0,0.0,1.0,0.625,0.0,0.625,0.0,0.625
2026-07-30 06:05:00+02:00,88.76130878165489,64.0889688979367,140.77256137411942,5.0,0.0,5.0,3.125,0.0,3.125,0.0,3.125
2026-07-30 06:10:00+02:00,88.03932482565439,64.97146010785548,141.62904921780202,9.0,0.0,9.0,5.625,0.0,5.625,0.0,5.625
2026-07-30 06:15:00+02:00,87.29301882386015,65.84915705879325,142.46576667009893,13.0,0.0,13.0,8.125,0.0,8.125,0.0,8.125
2026-07-30 06:20:00+02:00,86.52835896919989,66.72236008324359,143.2809033730478,17.0,4.989157992002186,16.697884042913433,10.473942021456716,0.0,10.473942021456716,0.0,10.473942021456716
2026-07-30 06:25:00+02:00,85.7494959675667,67.591374276274,144.07271397932644,21.0,5.454927975255119,20.595695668460106,12.922847834230053,0.0,12.922847834230053,0.0,12.922847834230053
2026-07-30 06:30:00+02:00,84.95925126867498,68.45650860099778,144.8394514944666,25.0,5.501044275372088,24.51665506941927,15.383327534709634,0.0,15.383327534709634,0.0,15.383327534709634
2026-07-30 06:35:00+02:00,84.15957424657641,69.31807678467271,145.57933118881954,29.0,5.518818986857656,28.438414789648736,17.844207394824366,0.0,17.844207394824366,0.0,17.844207394824366
2026-07-30 06:40:00+02:00,83.35185356219101,70.17639708180786,146.29051208445563,33.0,5.520915194276997,32.36083340820435,20.305416704102175,0.0,20.305416704102175,0.0,20.305416704102175
2026-07-30 06:45:00+02:00,82.53711426532419,71.03179208165488,146.97109013847611,37.0,5.514189848526562,36.283795293917585,22.766897646958792,0.0,22.766897646958792,0.0,22.766897646958792
2026-07-30 06:50:00+02:00,81.71614023169194,71.88458969923181,147.61910024620164,41.0,5.502561319519261,40.207205020391235,25.228602510195618,0.0,25.228602510195618,0.0,25.228602510195618
2026-07-30 06:55:00+02:00,80.88955298745137,72.73512247926249,148.23252294500222,45.0,5.488369252624752,44.13098201579931,27.690491007899656,0.0,27.690491007899656,0.0,27.690491007899656
2026-07-30 07:00:00+02:00,80.05786106658604,73.58372876714657,148.80929781732377,49.0,5.473060341157965,48.055056618969175,30.152528309484588,0.0,30.152528309484588,0.0,30.152528309484588
2026-07-30 07:05:00+02:00,79.22149396182803,74.43075209063232,149.34734047319952,60.41666666666667,7.992749235280382,58.92192020632923,37.01304343649795,0.0,37.01304343649795,0.0,37.01304343649795
2026-07-30 07:10:00+02:00,78.38082347588329,75.27654239766156,149.8445655348424,71.83333333333334,12.09823678843083,69.39667866960087,43.6775060014671,0.0,43.6775060014671,0.0,43.6775060014671
2026-07-30 07:15:00+02:00,77.53617990381433,76.1214555122616,150.29891291979132,83.25,17.617822446102043,79.44766728851943,50.13008364425971,0.0,50.13008364425971,0.0,50.13008364425971
2026-07-30 07:20:00+02:00,76.68786197181737,76.96585433040735,150.70837926196867,94.66666666666667,24.25204329689877,89.08249064533423,56.37457865600045,0.0,56.37457865600045,0.0,56.37457865600045
2026-07-30 07:25:00+02:00,75.83614485553296,77.81010891820301,151.07105203901176,106.08333333333334,31.710774692021577,98.323841040024,62.42233718667867,0.0,62.42233718667867,0.0,62.42233718667867
2026-07-30 07:30:00+02:00,74.98128613798049,78.65459664963589,151.38514624202398,117.5,39.744691319669634,107.2007784707171,68.28788923535855,0.0,68.28788923535855,0.0,68.28788923535855
2026-07-30 07:35:00+02:00,74.1235291925167,79.49970351560273,151.64904261757434,128.91666666666669,48.15286417596165,115.74376472854112,73.98646569760389,0.0,73.98646569760389,0.0,73.98646569760389
2026-07-30 07:40:00+02:00,73.26310728112063,80.34582377430456,151.86132478060225,140.33333333333334,56.78000168391466,123.98198734269653,79.53266033801492,0.0,79.53266033801492,0.0,79.53266033801492
2026-07-30 07:45:00+02:00,72.40024510327015,81.19336145655109,152.02081466587236,151.75,65.50990915405892,131.94204305040773,84.93977152520387,0.0,84.93977152520387,0.0,84.93977152520387
2026-07-30 07:50:00+02:00,71.53516167608898,82.04273009902101,152.1266032943477,163.16666666666669,74.25826868613842,139.64739304566442,90.21952985616554,0.0,90.21952985616554,0.0,90.21952985616554
2026-07-30 07:55:00+02:00,70.66807099441507,82.89435433970169,152.17807594244744,174.58333333333334,82.96596267392744,147.11825700571413,95.38204516952374,0.0,95.38204516952374,0.0,95.38204516952374
2026-07-30 08:00:00+02:00,69.79918427303134,83.74866973834315,152.17492946929318,186.0,91.59343588887346,154.37172773057418,100.43586386528709,0.0,100.43586386528709,0.0,100.43586386528709
2026-07-30 08:05:00+02:00,68.92871024817585,84.60612435522296,152.1171811245084,200.41666666666666,107.28220879719032,161.84557236934847,105.97486951800757,0.0,105.97486951800757,0.0,105.97486951800757
2026-07-30 08:10:00+02:00,68.05685649365233,85.46717924048363,152.00516794905428,214.83333333333334,123.33835047803535,168.74347730473184,111.22590531903259,0.0,111.22590531903259,0.0,111.22590531903259
2026-07-30 08:15:00+02:00,67.18383063531516,86.33230896605971,151.83953705488187,229.25,139.63032535878648,175.10474882497425,116.20862441248713,0.0,116.20862441248713,0.0,116.20862441248713
2026-07-30 08:20:00+02:00,66.30984031424866,87.20200337273548,151.62122710137368,243.66666666666666,156.05611561637102,180.96480047069053,120.9407335686786,0.0,120.9407335686786,0.0,120.9407335686786
2026-07-30 08:25:00+02:00,65.43509485415342,88.07676763152165,151.35144266215508,258.0833333333333,172.53840932326096,186.35501219664604,125.43792276498968,0.0,125.43792276498968,0.0,125.43792276498968
2026-07-30 08:30:00+02:00,64.55980501606184,88.9571242265755,151.03162236688541,272.5,189.0202034858978,191.30282766114837,129.71391383057417,0.0,129.71391383057417,0.0,129.71391383057417
2026-07-30 08:35:00+02:00,63.684184606790595,89.84361312540818,150.6634035805229,286.91666666666663,205.46102612521173,195.8319656963038,133.78056618148523,0.0,133.78056618148523,0.0,133.78056618148523
2026-07-30 08:40:00+02:00,62.808450198785636,90.73679389480515,150.24858435174787,301.3333333333333,221.83368122325982,199.96271751901094,137.64802542617213,0.0,137.64802542617213,0.0,137.64802542617213
2026-07-30 08:45:00+02:00,61.93282272664736,91.63724598406748,149.78908577573958,315.75,238.1215808164589,203.71225685026153,141.32487842513075,0.0,141.32487842513075,0.0,141.32487842513075
2026-07-30 08:50:00+02:00,61.05752732872149,92.54557086127352,149.28691481496867,330.16666666666663,254.31649463287283,207.09497471503806,144.81832069085235,0.0,144.81832069085235,0.0,144.81832069085235
2026-07-30 08:55:00+02:00,60.18279437673963,93.46239302517631,148.74413009730392,344.5833333333333,270.416736839776,210.1227958961766,148.13431461475494,0.0,148.13431461475494,0.0,148.13431461475494
2026-07-30 09:00:00+02:00,59.30886052458968,94.38836106526617,148.16281117212492,359.0,286.4256910257127,212.8054803233148,151.2777401616574,0.0,151.2777401616574,0.0,151.2777401616574
2026-07-30 09:05:00+02:00,58.43596860988971,95.3241500267925,147.5450309086225,373.1666666666667,301.58179779490945,215.30333877945284,154.29750272305975,0.0,154.29750272305975,0.0,154.29750272305975
2026-07-30 09:10:00+02:00,57.56436934488448,96.27046198493969,146.89283319770482,387.3333333333333,316.6647130968053,217.48965857793831,157.16149595563581,0.0,157.16149595563581,0.0,157.16149595563581
2026-07-30 09:15:00+02:00,56.694321169651055,97.2280286825901,146.20821352774297,401.5,331.6892688824884,219.36754650431484,159.8712732521574,0.0,159.8712732521574,0.0,159.8712732521574
2026-07-30 09:20:00+02:00,55.82609201747502,98.1976122104686,145.49310488529565,415.6666666666667,346.67129205495985,220.93908822647595,162.4278774465713,0.0,162.4278774465713,0.0,162.4278774465713
2026-07-30 09:25:00+02:00,54.95995925787039,99.18000778902683,144.7493658641347,429.8333333333333,361.6271399339413,222.2055612606067,164.83194729697,0.0,164.83194729697,0.0,164.83194729697
2026-07-30 09:30:00+02:00,54.09621155473227,100.17604453371507,143.97877350869894,444.0,376.57337618005965,223.16761289833525,167.0838064491676,0.0,167.0838064491676,0.0,167.0838064491676
2026-07-30 09:35:00+02:00,53.23514903472502,101.18658822237819,143.18301749684713,458.16666666666663,391.52645109819804,223.82545345600454,169.18356006133558,0.0,169.18356006133558,0.0,169.18356006133558
2026-07-30 09:40:00+02:00,52.3770846794229,102.21254279025834,142.36369764430603,472.3333333333333,406.50246629654805,224.17902898535132,171.1311811593423,0.0,171.1311811593423,0.0,171.1311811593423
2026-07-30 09:45:00+02:00,51.52234577548005,103.25485180719625,141.52232339494392,486.5,421.5169728063289,224.22819143881213,172.92659571940607,0.0,172.92659571940607,0.0,172.92659571940607
2026-07-30 09:50:00+02:00,50.671274285763126,104.3145013433965,140.66031372589146,500.66666666666663,436.5847561968378,223.97288525674418,174.5697759617054,0.0,174.5697759617054,0.0,174.5697759617054
2026-07-30 09:55:00+02:00,49.824229014943626,105.39252072203334,139.7789999221222,514.8333333333333,451.71969187389976,223.41331301087322,176.06082317210326,0.0,176.06082317210326,0.0,176.06082317210326
2026-07-30 10:00:00+02:00,48.98158602250234,106.48998547306621,138.8796274181016,529.0,466.9345500780438,222.55013239267217,177.40006619633607,0.0,177.40006619633607,0.0,177.40006619633607
2026-07-30 10:05:00+02:00,48.14374093764504,107.60801790053688,137.96336014921104,541.25,476.723646974311,223.1494075534991,179.23095377674952,0.0,179.23095377674952,0.0,179.23095377674952
2026-07-30 10:10:00+02:00,47.311109547020095,108.74778984621605,137.03128342913033,553.5,486.72773806469183,223.49024206316176,180.93262103158088,0.0,180.93262103158088,0.0,180.93262103158088
2026-07-30 10:15:00+02:00,46.48413026763627,109.91052288716975,136.08440903523308,565.75,496.95753278010636,223.56717601790263,182.5023380089513,0.0,182.5023380089513,0.0,182.5023380089513
2026-07-30 10:20:00+02:00,45.66326502758123,111.09749053458063,135.12367857629383,578.0,507.4228864952443,223.37533481151624,183.9376674057581,0.0,183.9376674057581,0.0,183.9376674057581
2026-07-30 10:25:00+02:00,44.84900135373884,112.31001859116498,134.1499681218844,590.25,518.1327561232213,222.91053423964067,185.23651711982032,0.0,185.23651711982032,0.0,185.23651711982032
2026-07-30 10:30:00+02:00,44.04185452923852,113.54948501887401,133.16409281371068,602.5,529.0951362141586,222.16939987603425,186.3971999380171,0.0,186.3971999380171,0.0,186.3971999380171
2026-07-30 10:35:00+02:00,43.242368744312266,114.81732091491438,132.1668100481389,614.75,540.3169450755948,221.14951689677983,187.4185084483899,0.0,187.4185084483899,0.0,187.4185084483899
2026-07-30 10:40:00+02:00,42.45111994711584,116.11500833724119,131.15882448273763,627.0,551.8039352844473,219.84957558625408,188.29978779312702,0.0,188.29978779312702,0.0,188.29978779312702
2026-07-30 10:45:00+02:00,41.668717031902354,117.4440799985698,130.1407907357159,639.25,563.5605330736016,218.2695600828244,189.04103004141217,0.0,189.04103004141217,0.0,189.04103004141217
2026-07-30 10:50:00+02:00,40.89580477836043,118.80611520696607,129.11331803875345,651.5,575.5896980194884,216.41093709828434,189.64296854914215,0.0,189.64296854914215,0.0,189.64296854914215
2026-07-30 10:55:00+02:00,40.13306512707134,120.20273742779273,128.07697251001787,663.75,587.8927088537138,214.276892338085,190.10719616904248,0.0,190.10719616904248,0.0,190.10719616904248
2026-07-30 11:00:00+02:00,39.381220118942814,121.63560753078139,127.03228141129195,676.0,600.4689603924236,211.8725741626224,190.4362870813112,0.0,190.4362870813112,0.0,190.4362870813112
2026-07-30 11:05:00+02:00,38.64103324690657,123.1064181203538,125.97973512491447,684.75,604.5688783226528,212.53728766255475,191.86239383127736,0.0,191.86239383127736,0.0,191.86239383127736
2026-07-30 11:10:00+02:00,37.91331175688892,124.61688406964612,124.91979030953644,693.5,609.1545519266119,212.91278897180342,193.14389448590168,0.0,193.14389448590168,0.0,193.14389448590168
2026-07-30 11:15:00+02:00,37.19890878151608,126.1687307031616,123.85287287904194,702.25,614.2218375498791,212.9968575317573,194.27967876587866,0.0,194.27967876587866,0.0,194.27967876587866
2026-07-30 11:20:00+02:00,36.498724303346435,127.76368146238855,122.77937936603564,711.0,619.7667927269774,212.78800374412373,195.26900187206184,0.0,195.26900187206184,0.0,195.26900187206184
2026-07-30 11:25:00+02:00,35.81370727629065,129.40343956455496,121.69968025018532,719.75,625.7855284098599,212.285588650305,196.11154432515247,0.0,196.11154432515247,0.0,196.11154432515247
2026-07-30 11:30:00+02:00,35.14485584964284,131.08966980434013,120.61412082432162,728.5,632.2740106943985,211.48998067507566,196.8074903375378,0.0,196.8074903375378,0.0,196.8074903375378
2026-07-30 11:35:00+02:00,34.49321858627569,132.82397334166438,119.52302421449798,737.25,639.2278765469209,210.40271711952312,197.35760855976156,0.0,197.35760855976156,0.0,197.35760855976156
2026-07-30 11:40:00+02:00,33.85989361369515,134.60786225591863,118.42669193246826,746.0,646.6421953961451,209.02670635832368,197.7633531791618,0.0,197.7633531791618,0.0,197.7633531791618
2026-07-30 11:45:00+02:00,33.24602843432807,136.4427264352837,117.32540662829632,754.75,654.5112341173792,207.3664420312981,198.02697101564905,0.0,198.02697101564905,0.0,198.02697101564905
2026-07-30 11:50:00+02:00,32.65281752757664,138.32979991304995,116.21943252052158,763.5,662.8281636849268,205.428262369508,198.15163118475397,0.0,198.15163118475397,0.0,198.15163118475397
2026-07-30 11:55:00+02:00,32.0814997475507,140.27012086040946,115.1090171768285,772.25,671.5847472661469,203.2206353518969,198.14156767594844,0.0,198.14156767594844,0.0,198.14156767594844
2026-07-30 12:00:00+02:00,31.53335443101784,142.26448772950363,113.9943931999066,781.0,680.7709839907147,200.7544845993747,198.00224229968734,0.0,198.00224229968734,0.0,198.00224229968734
2026-07-30 12:05:00+02:00,31.009695354356793,144.31341485409428,112.87577832174112,786.75,683.8399461328127,200.64436608804053,198.66593304402025,0.0,198.66593304402025,0.0,198.66593304402025
2026-07-30 12:10:00+02:00,30.5118642498553,146.4170817050752,111.75337764980158,792.5,687.4653905719741,200.232035306701,199.17851765335047,0.0,199.17851765335047,0.0,199.17851765335047
2026-07-30 12:15:00+02:00,30.0412214867048,148.57528531284004,110.62738343073059,798.25,691.6405349089305,199.52068210027494,199.54159105013747,0.0,199.54159105013747,0.0,199.54159105013747
2026-07-30 12:20:00+02:00,29.599136075285102,150.78738860786166,109.49797714677558,804.0,696.358165644744,198.51491957170234,199.75745978585115,0.0,199.75745978585115,0.0,199.75745978585115
2026-07-30 12:25:00+02:00,29.186972828262114,153.0522756642115,108.36532912851384,809.75,701.6103984975888,197.2209844657414,199.82924223287068,0.0,199.82924223287068,0.0,199.82924223287068
2026-07-30 12:30:00+02:00,28.806078736694204,155.36830688397072,107.22960052422435,815.5,707.3884166181389,195.64696406284583,199.76098203142288,0.0,199.76098203142288,0.0,199.76098203142288
2026-07-30 12:35:00+02:00,28.457766844826082,157.73328588317986,106.0909429368851,821.25,713.6821496519503,193.80306989643344,199.5577849482167,0.0,199.5577849482167,0.0,199.5577849482167
2026-07-30 12:40:00+02:00,28.143299312638973,160.14443336333625,104.9494995242038,827.0,720.4799120307202,191.70195018561128,199.22597509280564,0.0,199.22597509280564,0.0,199.22597509280564
2026-07-30 12:45:00+02:00,27.863869353609104,162.5983735926502,103.80540605678699,832.75,727.7679814239148,189.35905240424856,198.77327620212426,0.0,198.77327620212426,0.0,198.77327620212426
2026-07-30 12:50:00+02:00,27.62058219806888,165.09113941850774,102.65879039809502,838.5,735.5301037447337,186.79304465725,198.209022328625,0.0,198.209022328625,0.0,198.209022328625
2026-07-30 12:55:00+02:00,27.414436621292126,167.61818967778015,101.50977424336665,844.25,743.7469292548323,184.02629566719176,197.54439783359587,0.0,197.54439783359587,0.0,197.54439783359587
2026-07-30 13:00:00+02:00,27.246306544121815,170.1744505335514,100.35847236360968,850.0,752.3953492920718,181.08543106116656,196.79271553058328,0.0,196.79271553058328,0.0,196.79271553058328
2026-07-30 13:05:00+02:00,27.11692444766264,172.75437040864608,99.20499427810309,850.6666666666666,751.7821847142666,181.52173021317276,197.0941984399197,0.0,197.0941984399197,0.0,197.0941984399197
2026-07-30 13:10:00+02:00,27.026866430216565,175.35199855539963,98.0494434277175,851.3333333333334,751.7495694870886,181.67966816287833,197.25650074810582,0.0,197.25650074810582,0.0,197.25650074810582
2026-07-30 13:15:00+02:00,26.976540294089205,177.961074307138,96.89191879227859,852.0,752.2968200447175,181.5588399542854,197.27941997714268,0.0,197.27941997714268,0.0,197.27941997714268
2026-07-30 13:20:00+02:00,26.966176683787424,180.5751345352387,95.73251416013176,852.6666666666666,753.4222672966825,181.1607082827377,197.16368747470216,0.0,197.16368747470216,0.0,197.16368747470216
2026-07-30 13:25:00+02:00,26.99582410503703,183.18762646554796,94.57131892173807,853.3333333333334,755.1232104362834,180.48864235572336,196.91098784452834,0.0,196.91098784452834,0.0,196.91098784452834
2026-07-30 13:30:00+02:00,27.065347826826432,185.79202443763927,93.40841884597435,854.0,757.3958144540096,179.54800021349777,196.52400010674887,0.0,196.52400010674887,0.0,196.52400010674887
2026-07-30 13:35:00+02:00,27.17443289456284,188.38194892102277,92.24389527760619,854.6666666666666,760.2349513750262,178.3462548936405,196.00646078015356,0.0,196.00646078015356,0.0,196.00646078015356
2026-07-30 13:40:00+02:00,27.322590909168717,190.95127394553464,91.07782665494652,855.3333333333334,763.6339783126225,176.89316829768546,195.3632508155094,0.0,195.3632508155094,0.0,195.3632508155094
2026-07-30 13:45:00+02:00,27.50917053334389,193.49422916411083,89.91028751415053,856.0,767.5844509144222,175.2010141979822,195.80237365248718,1.2018665534960753,194.6005070989911,0.009379417736925936,194.61177990746037
2026-07-30 13:50:00+02:00,27.73337075080248,196.00548172642888,88.74134997897086,856.6666666666666,772.0757576760928,173.28485817585096,210.68503969948546,16.959277278226672,193.7257624212588,0.12308213215118038,195.813146428406
2026-07-30 13:55:00+02:00,27.994256885614085,198.4802063380073,87.5710827334912,857.3333333333334,777.0946743639711,171.16289605042516,225.68131485894276,32.93320016706353,192.74811469187924,0.22267909301674343,200.08164983521982
2026-07-30 14:00:00+02:00,28.290777889106423,200.9141311891276,86.39955248941115,858.0,782.6248145752394,168.8568633053876,240.82595100996332,49.14751935726951,191.6784316526938,0.31013256065579164,206.92067768084388
2026-07-30 14:05:00+02:00,28.62178509530579,203.3035699690426,85.22682308974512,855.4166666666666,782.8041175683945,168.27050542096296,256.20050374151083,65.13816769769602,191.0623360438148,0.38709183508256,216.2767889118315
2026-07-30 14:10:00+02:00,28.986050973411125,205.64543241500368,84.05295617338673,852.8333333333334,783.5340534944511,167.44654869838516,271.508794988932,81.18135397307277,190.32744101585922,0.45495041348923376,227.26093157352454
2026-07-30 14:15:00+02:00,29.38228749939902,207.93721857378432,82.87801182962,850.25,784.8152547397901,166.38904102382836,286.77896369461325,97.30319318269906,189.47577051191416,0.5148914146724648,239.5763493019022
2026-07-30 14:20:00+02:00,29.809164228994952,210.17700205881675,81.70204767408711,847.6666666666666,786.6466421559094,165.10442506726642,302.04004736218405,113.52950149521752,188.51054586696654,0.5679239859101225,252.98667287451968
2026-07-30 14:25:00+02:00,30.265324368360332,212.36339724265866,80.52512027920073,845.0833333333334,789.0252333700965,163.60165967230253,317.3217704193012,129.8855239164832,187.43624650281794,0.6149124929123515,267.30447780752945
2026-07-30 14:30:00+02:00,30.749400205762257,214.4955226576091,79.34728407715977,842.5,791.945885475809,161.8923896761256,332.65435710383963,146.39566226577688,186.25869483806278,0.656600268989722,282.3821260607004
2026-07-30 14:35:00+02:00,31.260025891980263,216.57295369278512,78.16859278309326,839.9166666666666,795.4009347581975,159.99118047485484,348.0682924009686,163.08311883020784,184.98517357076074,0.6936288636490969,298.10433196530846
2026-07-30 14:40:00+02:00,31.79584943511248,218.59567643352068,76.98909828811945,837.3333333333334,799.3797515340733,157.9158104688202,363.5940868946487,179.96951499357192,183.62457190107676,0.7265538983580266,314.3821246052598
2026-07-30 14:45:00+02:00,32.35554183236255,220.5640356319395,75.80885207842945,834.75,803.8681621822911,155.68764218381799,379.2619650045925,197.07439391268355,182.18757109190898,0.7558580496770042,331.14783811602763
2026-07-30 14:50:00+02:00,32.93780550655966,222.47868723505016,74.62790428101584,832.1666666666666,805.0618351961002,153.3320676459587,394.0979321853215,213.41106502900888,180.68686715631264,0.78196186530344,347.5661816427902
2026-07-30 14:55:00+02:00,33.5413804180765,224.34054993785153,73.44630429030383,829.5833333333334,803.3501462578478,150.8790504531769,408.02297997037493,228.88553807711983,179.1374418932551,0.8052327235500373,363.4435671003101
2026-07-30 15:00:00+02:00,34.16504863532891,226.15075966615515,72.26410139683452,827.0,801.5310467605871,148.36377383604133,421.72720163589895,244.17031471787828,177.55688691802067,0.8259923315664667,379.23969447115894
2026-07-30 15:05:00+02:00,34.807638407884625,227.91062998850808,71.08134383249984,820.0,799.6018109389366,147.48359912615052,435.4930624048439,259.25126284176866,176.24179956307523,0.8445230529521689,395.18546753991086
2026-07-30 15:10:00+02:00,35.46802583802124,229.62161273811967,69.89808019636492,813.0,797.5595163740696,146.44255626385703,448.96043390201413,274.11415577008563,174.8462781319285,0.861073208350114,410.8786336950591
2026-07-30 15:15:00+02:00,36.1451369158205,231.2852665232905,68.71435834718784,806.0,795.4010315803326,145.23905014674884,462.1142074407636,288.7446823673892,173.3695250733744,0.8758616077668013,426.26990680579024
2026-07-30 15:20:00+02:00,36.837947322757444,232.90322556289,67.5302268400263,799.0,793.1230069590284,143.87410373286556,474.94047614161104,303.12842427517825,171.81205186643277,0.8890813734399847,441.3178876497067
2026-07-30 15:25:00+02:00,37.545482981442795,234.47717605907548,66.34573383008433,792.0,790.7218602719072,142.35134400546866,487.4265359403869,317.2508639376526,170.1756720027343,0.9009032378020303,455.9880025196569
2026-07-30 15:30:00+02:00,38.26681858229247,236.00883273281204,65.16092852564286,785.0,788.1937658319106,140.6770463778816,499.5608837930356,331.09736060409483,168.46352318894077,0.9114783440579007,470.2515971543028
2026-07-30 15:35:00+02:00,39.001077075595994,237.49992198822406,63.975860268978394,778.0,785.5346379011362,138.8602230184377,511.3332656181623,344.65315410894345,166.68011150921882,0.9209406804343305,484.0852217681474
2026-07-30 15:40:00+02:00,39.74742789338758,238.95216600782172,62.79057921793569,771.0,782.7401159606588,136.91277334820865,522.7347350439666,357.90334836986233,164.8313866741043,0.9294091666957263,497.47003944014824
2026-07-30 15:45:00+02:00,40.50508489360276,240.3672696970471,61.60513704280555,764.0,779.8055489645235,134.84969667408154,533.7577427491834,370.83289441214265,162.92484833704077,0.9369894633116942,510.39136305059645
2026-07-30 15:50:00+02:00,41.273305144075124,241.7469119650351,60.41958605051483,757.0,776.7259742723065,132.68936784933024,544.3962735257214,383.4265896010563,160.9696839246651,0.9437755529287228,522.8383255329766
2026-07-30 15:55:00+02:00,42.051386078023704,243.09273624810658,59.233980713674555,750.0,773.496100831008,130.45390036810278,554.6459994706019,395.6690492865505,158.97695018405136,0.9498511028107737,534.8036329969717
2026-07-30 16:00:00+02:00,42.8386642241188,244.40634585558468,58.04837667926865,743.0,770.1102841859439,128.16958974321105,564.5044991686542,407.54470429704867,156.9597948716055,0.9552906687694961,546.2834479929996
2026-07-30 16:05:00+02:00,43.63451225704818,245.6892979445362,56.862832348291725,732.8333333333334,766.5625064026683,126.64539122493792,573.9646324371503,419.03777015801467,154.9268622791356,0.96016073561189,557.270475923221
2026-07-30 16:10:00+02:00,44.4383377353861,246.9431016617017,55.67740794536949,722.6666666666666,762.8463468588825,125.01791660710384,582.9745319856993,430.132240348814,152.84229163688525,0.9645206410328334,567.713715827012
2026-07-30 16:15:00+02:00,45.24958017915708,248.16921460261943,54.492167165043604,712.5,758.9549582555743,123.28635501604708,591.5175300994206,440.8118525913971,150.70567750802354,0.9684233768141135,577.5981803342695
2026-07-30 16:20:00+02:00,46.067709802927965,249.3690427426751,53.30717648067339,702.3333333333334,754.881032982604,121.45224671578528,599.5778658598566,451.0600758352973,148.5177900245593,0.9719163027555277,586.9104312510294
2026-07-30 16:25:00+02:00,46.892225245743774,250.54393941201153,52.12250609130254,692.1666666666666,750.6167716593214,119.51947618296848,607.1406510981766,460.86007967335905,146.28057142481754,0.9750417701709347,595.6383993106476
2026-07-30 16:30:00+02:00,47.722651359952124,251.69520494067837,50.93823092708727,682.0,746.1538492416526,117.49430812024481,614.1918563311854,470.194702271063,143.9971540601224,0.9778376729850136,603.7712475787399
2026-07-30 16:35:00+02:00,48.55853819405326,252.82408834258888,49.75443013440963,671.8333333333334,741.4833720935897,115.38546329849004,620.7183265976878,479.0464282817762,141.67189831591168,0.9803379385313542,611.2992862784763
2026-07-30 16:40:00+02:00,49.399458394163695,253.93178705210062,48.57118902385983,661.6666666666666,736.5958404992316,113.2042546499241,626.70780539305,487.39734473475454,139.31046065829537,0.9825729563444251,618.2139105887461
2026-07-30 16:45:00+02:00,50.24500647955174,255.01944940600453,47.38859857144599,651.5,731.4810976296011,110.96477068657931,632.1489985264789,495.2291131831892,136.91988534328965,0.9845699634011704,624.5075951852564
2026-07-30 16:50:00+02:00,51.09479640598114,256.08817494903366,46.20675757001983,641.3333333333334,726.1282847084883,108.68413429427235,637.0316537304845,502.5229199166817,134.50873381380285,0.9863533809391072,630.173914873014
2026-07-30 16:55:00+02:00,51.94846102287888,257.1390172607163,45.02577237288394,631.1666666666666,720.5257810051462,106.38282825286572,641.3466871887554,509.2594397289892,132.08724745976616,0.9879451177241633,635.2076245949638
2026-07-30 17:00:00+02:00,52.80564979427136,258.1729845817195,43.84575932861308,621.0,714.6611502602753,104.08511995401946,645.0863393759757,515.418779398966,129.66755997700972,0.9893648356234858,639.6047759343253
2026-07-30 17:05:00+02:00,53.66602831041129,259.1910426537598,42.666845022302326,607.25,708.5210709675107,102.18555298846304,647.9794576022739,520.9804311080424,126.99902649423152,0.9906301889952784,643.0979694256332
2026-07-30 17:10:00+02:00,54.529276732986894,260.19411617477857,41.48916832031172,593.5,702.0912682773645,100.26508460935992,650.2432538838527,525.9232115791727,124.32004230467994,0.9917570355598699,645.9080875525666
2026-07-30 17:15:00+02:00,55.39508830381802,261.18309030618025,40.31288267375023,579.75,695.356440488518,98.31443030571953,651.851162813239,530.2251976603792,121.62596515285975,0.9927596244394559,648.012133250514
2026-07-30 17:20:00+02:00,56.263169080822166,262.1588135030866,39.13815715776035,566.0,688.3001701302888,96.32608774135804,652.7767065474494,533.8636626767704,118.913043870679,0.9936507650190649,649.3870807053319
2026-07-30 17:25:00+02:00,57.133235996207745,263.12209832126166,37.965180256573426,552.25,680.9048414796264,94.29418249179786,652.9933394727931,536.8149982268942,116.1783412458989,0.9944419754823951,650.00970855123
2026-07-30 17:30:00+02:00,58.00501683226905,264.0737242952265,36.794161584978184,538.5,673.1515359282765,92.21432128281016,652.4742993971697,539.0546387557646,113.41966064140507,0.9951436172211939,649.8564437326806
2026-07-30 17:35:00+02:00,58.878248385571816,265.01443868721407,35.625336686390824,524.75,665.0199352220384,90.08347106237414,651.1924588204776,540.5569732892905,110.63548553118706,0.9957650130607684,648.9032070986868
2026-07-30 17:40:00+02:00,59.75267654785447,265.944959236472,34.458969998236206,511.0,656.4882005518479,87.8998418714852,649.1201779084025,541.2952569726599,107.8249209357426,0.9963145543304441,647.1252636476415
2026-07-30 17:45:00+02:00,60.62805455839377,266.86597481695304,33.2953611649589,497.25,647.5328608026216,85.66279450934218,646.2291604296348,541.2415131749638,104.98764725467109,0.9967997951443295,644.4970767110818
2026-07-30 17:50:00+02:00,61.504143052067064,267.7781479177751,32.13485003510033,483.5,638.128676495134,83.37275013138284,642.4903083462061,540.3664332805147,102.12387506569141,0.9972275377822962,640.9921628262206
2026-07-30 17:55:00+02:00,62.380708968989225,268.6821158008647,30.97782450769514,469.75,628.248507672294,81.03111940780863,637.8735806242516,538.6392709203474,99.2343097039043,0.9976039082656342,636.5829515193946
2026-07-30 18:00:00+02:00,63.25752449055392,269.5784916127032,29.82472997052547,456.0,617.8631769285071,78.64024391171021,632.3478579847462,536.027736028891,96.3201219558551,0.9979344240403003,631.2406519794727
2026-07-30 18:05:00+02:00,64.13436717453422,270.46786663359455,28.676079194478238,441.6666666666667,606.9413147333685,76.3566285667446,625.8845337736954,532.4978861569897,93.38664761670563,0.9982240549492479,624.938846788239
2026-07-30 18:10:00+02:00,65.01101834137427,271.3508106500302,27.532467079245077,427.3333333333333,595.4492244210998,74.0322282397584,618.4468074216346,528.0140266350887,90.43278078654586,0.998477277110486,617.6427883772928
2026-07-30 18:15:00+02:00,65.88726335488249,272.22787418132157,26.394586128257366,413.0,583.3507278714753,71.66795309430444,609.9975901353198,522.5386135881676,87.45897654715222,0.9986981217506461,609.3173084798418
2026-07-30 18:20:00+02:00,66.76289002066471,273.0995887360696,25.26324846563597,398.6666666666667,570.60704573853,69.26535240630382,600.4981923446044,516.0321828081192,84.46600953648525,0.9988902183370918,599.9255092906534
2026-07-30 18:25:00+02:00,67.63768885993674,273.96646889655904,24.13941062471398,384.3333333333333,557.1766725378612,66.82653734896041,589.9082313125675,508.4532959714207,81.45493534114686,0.999056833647836,589.4286752721605
2026-07-30 18:30:00+02:00,68.51145148634802,274.82901246498307,23.024207481496997,370.0,543.0153127426173,64.35412237995577,578.1856043173307,499.75854312735277,78.42706118997788,0.9992009062938803,577.786250410938
2026-07-30 18:35:00+02:00,69.38397071339759,275.68770230177313,21.918992574669094,355.6666666666667,528.0758450769343,61.851157529191624,565.2865082313058,489.9025961333767,75.38391209792914,0.9993250779374246,564.9558621606625
2026-07-30 18:40:00+02:00,70.25503944122576,276.54300694050056,20.825391135238924,341.3333333333333,512.3083866034715,59.32107276816744,551.1655686923814,478.83836564163096,72.32720305075037,0.9994317209634624,550.8934548872974
2026-07-30 18:45:00+02:00,71.12444947953945,277.3953811573214,19.745367570921154,327.0,495.6604808431624,56.76762498410699,535.7761091634259,466.51729667137243,69.2588124920535,0.9995229632301016,535.5535632591201
2026-07-30 18:50:00+02:00,71.99199144405266,278.2452676314799,18.681310175387882,312.66666666666663,478.077441771147,54.194837680276805,519.0705935582814,452.88984138480964,66.18075217347172,0.9996007102703675,518.8897592959615
2026-07-30 18:55:00+02:00,72.85745277474133,279.0930968382698,17.63614194762302,298.33333333333337,459.50298647213765,51.60695497311021,501.00137283693425,437.90622868371247,63.09514415322177,0.9996666648871397,500.85540331477375
2026-07-30 19:00:00+02:00,73.7206174424812,279.93928872009633,16.613459332543787,284.0,439.8801954521301,49.008381244689176,481.52177957150445,421.51758894915986,60.00419062234458,0.9997223447504089,481.4047430001377
2026-07-30 19:05:00+02:00,74.58126355838256,280.7842524885789,15.61771037558589,269.75,419.1530279477167,46.382901841716446,460.5878461159931,403.67764519513486,56.910200920858216,0.9997690978617696,460.49463608456165
2026-07-30 19:10:00+02:00,75.43916251213624,281.62838819936695,14.654414169152709,255.5,397.26852322079634,43.75841650866702,438.16182510083246,384.34511684649897,53.816708254333506,0.9998081163552637,438.08807555897533
2026-07-30 19:15:00+02:00,76.29407581413672,282.472086468344,13.730428759678416,241.25,374.1800642556007,41.14008708198813,414.2134898737401,363.48719633274607,50.726293540994064,0.9998404485498195,414.15549496444316
2026-07-30 19:20:00+02:00,77.14575304765441,283.31572984517754,12.854256414693907,227.0,349.8520195966343,38.53304246749609,388.72594172996213,341.0844204962141,47.64152123374804,0.9998670095946568,388.6805807746241
2026-07-30 19:25:00+02:00,77.99392779981812,284.1596930136319,12.036361261271315,212.75,324.2663799560945,35.94230746229493,361.7024358628526,317.13753213170514,44.56490373114746,0.9998885906812148,361.6671037864366
2026-07-30 19:30:00+02:00,78.83831236932446,285.004342952142,11.289429323516348,198.5,297.432093078527,33.37271290402028,333.1758742654536,291.67701781344346,41.49885645201014,0.9999058670009213,333.1484178330045
2026-07-30 19:35:00+02:00,79.6785918373143,285.85004018799197,10.628436810881109,184.25,269.39800085766745,30.828771308669584,303.2218255772072,264.7761899228724,38.44563565433479,0.9999194045518917,303.20048582153197
2026-07-30 19:40:00+02:00,80.51441384840237,286.6971383146031,10.070314780317476,170.0,240.2706191153682,28.314517763867457,271.97624629714494,236.56898741521118,35.40725888193373,0.9999296658142588,271.9596074100434
2026-07-30 19:45:00+02:00,81.3453763486903,287.5459852858934,9.63293968521871,155.75,210.23790385039746,25.833270724507337,239.65893430266877,207.2735489404151,32.385385362253665,0.999937014437628,239.6458790616239
2026-07-30 19:50:00+02:00,82.17100769384962,288.3969228575791,9.333261734564209,141.5,179.60013549666394,23.387287379289322,206.6036849581395,177.22254126849484,29.38114368964466,0.9999417189469678,206.59335624181332
2026-07-30 19:55:00+02:00,82.99073953765892,289.2502878126196,9.184700777616117,127.25,148.80768510502523,20.977228893276003,173.2946745609349,146.8998101142969,26.394864446638,0.9999439555776425,173.28644164593263
2026-07-30 20:00:00+02:00,83.80386375579116,290.1064113272054,9.194478303658737,113.0,118.50260831091359,18.601342465621048,140.40571875135336,116.98004751854285,23.425671232810522,0.9999438102810556,140.3991456753612
2026-07-30 20:05:00+02:00,84.60946825344965,290.9656200133142,9.361937646180252,104.41666666666667,89.55382485140166,17.22875,110.0274659575484,88.36100762421506,21.66645833333333,0.9999412800224688,110.02227740116606
2026-07-30 20:10:00+02:00,85.40633457260937,291.8282357873402,9.678658662177856,95.83333333333333,63.062306595782665,15.8125,82.05010442124166,62.164687754574985,19.885416666666664,0.9999362735191111,82.04614288445549
2026-07-30 20:15:00+02:00,86.19277479279461,292.6945756929736,10.130293480925019,87.25,40.29062270526105,14.39625,57.766879883109674,39.662504883109676,18.104374999999997,0.9999286117244994,57.76404844528403
2026-07-30 20:20:00+02:00,86.96637226022132,293.56495284850615,10.699227161868123,78.66666666666666,22.448442850427714,12.979999999999999,38.38151675800199,22.058183424668663,16.32333333333333,0.9999180286216185,38.37970861830208
2026-07-30 20:25:00+02:00,87.72358017246063,294.4396756204139,11.367013358344302,70.08333333333334,0.0,70.08333333333334,43.802083333333336,0.0,43.802083333333336,0.9999041735101716,43.802083333333336
2026-07-30 20:30:00+02:00,88.45919847835275,295.3190486211004,12.115967636247511,61.5,0.0,61.5,38.4375,0.0,38.4375,0.9998866170173457,38.4375
2026-07-30 20:35:00+02:00,89.1661779061733,296.20337179873115,12.929828650570055,52.916666666666664,0.0,52.916666666666664,33.072916666666664,0.0,33.072916666666664,0.9998648644528535,33.072916666666664
2026-07-30 20:40:00+02:00,89.838362292797,297.09294137166955,13.79387007951415,44.33333333333333,0.0,44.33333333333333,27.70833333333333,0.0,27.70833333333333,0.9998383761734007,27.70833333333333
2026-07-30 20:45:00+02:00,91.1563164287542,297.9880488321213,14.732495598157914,35.75,0.0,35.75,22.34375,0.0,22.34375,0.9998051640407889,22.34375
2026-07-30 20:50:00+02:00,91.92860870049631,298.8889816933066,15.704892129838962,27.16666666666667,0.0,27.16666666666667,16.979166666666668,0.0,16.979166666666668,0.9997652763364818,16.979166666666668
2026-07-30 20:55:00+02:00,92.69421579673525,299.79602300895453,16.70855654634289,18.58333333333333,0.0,18.58333333333333,11.61458333333333,0.0,11.61458333333333,0.9997175088732285,11.61458333333333
2026-07-30 21:00:00+02:00,93.45289898793673,300.7094508383604,17.738156730451134,10.0,0.0,10.0,6.25,0.0,6.25,0.9996606478810264,6.25
2026-07-30 21:05:00+02:00,94.20441555537371,301.6295388919017,18.789403836662917,9.166666666666666,0.0,9.166666666666666,5.729166666666666,0.0,5.729166666666666,0.9995933217150249,5.729166666666666
2026-07-30 21:10:00+02:00,94.94851788106739,302.55655530040633,19.85883336173101,8.333333333333334,0.0,8.333333333333334,5.208333333333334,0.0,5.208333333333334,0.9995139869124787,5.208333333333334
2026-07-30 21:15:00+02:00,95.68495417104563,303.4907633086984,20.943632833189714,7.5,0.0,7.5,4.6875,0.0,4.6875,0.9994209122894502,4.6875
2026-07-30 21:20:00+02:00,96.41346758870844,304.4324199429362,22.041504410952474,6.666666666666666,0.0,6.666666666666666,4.166666666666666,0.0,4.166666666666666,0.9993121611876146,4.166666666666666
2026-07-30 21:25:00+02:00,97.13379699205139,305.3817766303525,23.150559672295753,5.833333333333333,0.0,5.833333333333333,3.645833333333333,0.0,3.645833333333333,0.9991855713157022,3.645833333333333
2026-07-30 21:30:00+02:00,97.84567611637097,306.3390777604093,24.269235522208074,5.0,0.0,5.0,3.125,0.0,3.125,0.9990387323557264,3.125
2026-07-30 21:35:00+02:00,98.54883423577827,307.30456109905697,25.396230528042725,4.166666666666666,0.0,4.166666666666666,2.604166666666666,0.0,2.604166666666666,0.9988689606170155,2.604166666666666
2026-07-30 21:40:00+02:00,99.24299587043407,308.2784568907965,26.530453830514986,3.333333333333333,0.0,3.333333333333333,2.083333333333333,0.0,2.083333333333333,0.9986732708176521,2.083333333333333
2026-07-30 21:45:00+02:00,99.92788053616462,309.2609868943623,27.670984866379467,2.499999999999999,0.0,2.499999999999999,1.5624999999999993,0.0,1.5624999999999993,0.9984483445592146,1.5624999999999993
2026-07-30 21:50:00+02:00,100.6032034396095,310.25236468589657,28.81704297736887,1.666666666666666,0.0,1.666666666666666,1.0416666666666663,0.0,1.0416666666666663,0.9981904947698685,1.0416666666666663
2026-07-30 21:55:00+02:00,101.2686748147313,311.2527939444374,29.967961196437358,0.8333333333333321,0.0,0.8333333333333321,0.5208333333333326,0.0,0.5208333333333326,0.9978956264080855,0.5208333333333326
2026-07-30 22:00:00+02:00,101.92400074494375,312.2624688106215,31.123167511603253,0.0,0.0,0.0,0.0,0.0,0.0,0.9975591919803514,0.0
2026-07-30 22:05:00+02:00,102.56888257383486,313.28157206188337,32.282167585833136,0.0,0.0,0.0,0.0,0.0,0.0,0.9971761424471833,0.0
2026-07-30 22:10:00+02:00,103.20301776489913,314.3102754057737,33.4445330318969,0.0,0.0,0.0,0.0,0.0,0.0,0.9967408716163845,0.0
2026-07-30 22:15:00+02:00,103.82609939577412,315.34873755212396,34.60988962757368,0.0,0.0,0.0,0.0,0.0,0.0,0.99624715479218,0.0
2026-07-30 22:20:00+02:00,104.43781697764138,316.3971043052295,35.77790979098258,0.0,0.0,0.0,0.0,0.0,0.0,0.9956880793095095,0.0
2026-07-30 22:25:00+02:00,105.03785644852833,317.45550725077334,36.9483050342752,0.0,0.0,0.0,0.0,0.0,0.0,0.9950559674014937,0.0
2026-07-30 22:30:00+02:00,105.62590023068454,318.524062388145,38.12081964124856,0.0,0.0,0.0,0.0,0.0,0.0,0.9943422900325877,0.0
2026-07-30 22:35:00+02:00,106.20162812004492,319.60287016578985,39.29522690883135,0.0,0.0,0.0,0.0,0.0,0.0,0.9935375694953079,0.0
2026-07-30 22:40:00+02:00,106.76471702527427,320.6920133523656,40.47132383462807,0.0,0.0,0.0,0.0,0.0,0.0,0.9926312718037062,0.0
2026-07-30 22:45:00+02:00,107.31484199592919,321.79155719772496,41.64892897660207,0.0,0.0,0.0,0.0,0.0,0.0,0.9916116844060968,0.0
2026-07-30 22:50:00+02:00,107.85167607105438,322.90154726041544,42.82787832638864,0.0,0.0,0.0,0.0,0.0,0.0,0.9904657810750694,0.0
2026-07-30 22:55:00+02:00,108.37489136448004,324.02200958411726,44.00802414785824,0.0,0.0,0.0,0.0,0.0,0.0,0.9891790681917199,0.0
2026-07-30 23:00:00+02:00,108.88415902752402,325.15294851255,45.18923165085434,0.0,0.0,0.0,0.0,0.0,0.0,0.987735414745709,0.0
2026-07-30 23:05:00+02:00,109.37915032665845,326.29434676247115,46.37137833872946,0.0,0.0,0.0,0.0,0.0,0.0,0.9861168589236858,0.0
2026-07-30 23:10:00+02:00,109.85953704955348,327.44616403273005,47.55435202508842,0.0,0.0,0.0,0.0,0.0,0.0,0.984303392542157,0.0
2026-07-30 23:15:00+02:00,110.32499198827962,328.60833562809023,48.73804905813432,0.0,0.0,0.0,0.0,0.0,0.0,0.9822727190799032,0.0
2026-07-30 23:20:00+02:00,110.77519009481838,329.78077268919867,49.922374308455076,0.0,0.0,0.0,0.0,0.0,0.0,0.9799999787392935,0.0
2026-07-30 23:25:00+02:00,111.20980873158922,330.9633601547947,51.10723892437193,0.0,0.0,0.0,0.0,0.0,0.0,0.9774574430772809,0.0
2026-07-30 23:30:00+02:00,111.62852894216434,332.1559573052243,52.292560753236074,0.0,0.0,0.0,0.0,0.0,0.0,0.9746141659499227,0.0
2026-07-30 23:35:00+02:00,112.03103580863441,333.3583958687479,53.478262326995605,0.0,0.0,0.0,0.0,0.0,0.0,0.9714355952992446,0.0
2026-07-30 23:40:00+02:00,112.41701975663842,334.5704807787897,54.66427148112436,0.0,0.0,0.0,0.0,0.0,0.0,0.9678831286255911,0.0
2026-07-30 23:45:00+02:00,112.78617700842348,335.7919884771515,55.850519506505584,0.0,0.0,0.0,0.0,0.0,0.0,0.9639136173888606,0.0
2026-07-30 23:50:00+02:00,113.13821085994807,337.02266777037494,57.03694175262134,0.0,0.0,0.0,0.0,0.0,0.0,0.9594787989808168,0.0
2026-07-30 23:55:00+02:00,113.47283244405857,338.262239209759,58.223476696545696,0.0,0.0,0.0,0.0,0.0,0.0,0.9545246577375588,0.0
