sample_idx,zed_file,zed_epoch,posetum_row_idx,posetum_epoch,posetum_delta_s,cloud_ordinal,cloud_delta_s,n_points_exported
0,right_000000.png,1785426647.858766,0,1785426643.9038892,-3.9548768997192383,20,0.04634356498718262,2087
1,right_000010.png,1785426651.635766,0,1785426643.9038892,-7.731876850128174,39,0.0646367073059082,2044
2,right_000020.png,1785426655.616766,0,1785426643.9038892,-11.712876796722412,59,0.08490633964538574,2074
3,right_000030.png,1785426659.630766,0,1785426643.9038892,-15.726876735687256,79,0.07382321357727051,2066
4,right_000040.png,1785426663.6117659,1,1785426675.5031905,11.891424655914307,99,0.09346652030944824,2331
5,right_000050.png,1785426667.658766,1,1785426675.5031905,7.844424486160278,119,0.039457082748413086,2989
6,right_000060.png,1785426671.605766,1,1785426675.5031905,3.8974244594573975,139,0.09850049018859863,2749
7,right_000070.png,1785426675.620766,1,1785426675.5031905,-0.11757540702819824,159,0.0846257209777832,2797
8,right_000080.png,1785426679.6347659,2,1785426679.1041918,-0.5305740833282471,179,0.0666811466217041,2729
9,right_000090.png,1785426683.614766,4,1785426684.7051547,1.0903887748718262,199,0.08874678611755371,2918
10,right_000100.png,1785426687.628766,5,1785426689.1046867,1.4759206771850586,219,0.07642912864685059,2577
11,right_000110.png,1785426691.609766,6,1785426691.9014373,0.2916712760925293,239,0.08878660202026367,2316
12,right_000120.png,1785426695.623766,8,1785426696.5053234,0.8815574645996094,259,0.07601809501647949,2469
13,right_000130.png,1785426699.605766,9,1785426699.1031506,-0.5026154518127441,279,0.096099853515625,2870
14,right_000140.png,1785426703.618766,11,1785426703.905301,0.28653502464294434,299,0.08421850204467773,2349
15,right_000150.png,1785426707.632766,13,1785426708.9015028,1.2687368392944336,319,0.07165908813476562,2678
16,right_000160.png,1785426711.612766,14,1785426713.906123,2.2933568954467773,339,0.08597135543823242,2354
17,right_000170.png,1785426715.627766,15,1785426716.705327,1.0775611400604248,359,0.07238388061523438,2545
18,right_000180.png,1785426719.607766,16,1785426719.5002925,-0.10747337341308594,379,0.09383773803710938,2685
19,right_000190.png,1785426723.6217659,18,1785426722.902702,-0.7190637588500977,399,0.0827176570892334,2886
20,right_000200.png,1785426727.635766,20,1785426729.7016575,2.0658915042877197,419,0.06999397277832031,2564
21,right_000210.png,1785426731.617766,21,1785426731.9006643,0.2828984260559082,439,0.08746647834777832,2949
22,right_000220.png,1785426735.630766,22,1785426733.103953,-2.52681303024292,459,0.07430768013000488,2126
23,right_000230.png,1785426739.6117659,23,1785426739.1019638,-0.5098021030426025,479,0.08964180946350098,2283
24,right_000240.png,1785426743.658766,25,1785426743.9030993,0.24433326721191406,499,0.04301810264587402,2258
25,right_000250.png,1785426747.605766,27,1785426748.3055012,0.699735164642334,519,0.09752655029296875,2272
26,right_000260.png,1785426751.620766,29,1785426752.3026462,0.6818802356719971,539,0.08378791809082031,2326
27,right_000270.png,1785426755.633766,31,1785426756.5050912,0.8713252544403076,559,0.07167911529541016,2814
28,right_000280.png,1785426759.614766,32,1785426758.7050915,-0.9096744060516357,579,0.08440470695495605,2764
29,right_000290.png,1785426763.628766,32,1785426758.7050915,-4.923674583435059,599,0.07317733764648438,2840
30,right_000300.png,1785426767.609766,33,1785426769.1047373,1.4949712753295898,619,0.09283971786499023,2912
31,right_000310.png,1785426771.623766,34,1785426772.1000326,0.47626662254333496,639,0.07982277870178223,2860
32,right_000320.png,1785426775.637766,35,1785426774.9052181,-0.7325477600097656,659,0.06737065315246582,2399
33,right_000330.png,1785426779.618766,37,1785426779.7055786,0.08681249618530273,679,0.08681249618530273,2165
34,right_000340.png,1785426783.665766,39,1785426784.1030931,0.43732714653015137,699,0.03879356384277344,2280
35,right_000350.png,1785426787.612766,41,1785426788.2996397,0.6868736743927002,719,0.08791875839233398,2275
36,right_000360.png,1785426791.660766,42,1785426790.704815,-0.9559509754180908,739,0.042325496673583984,2316
37,right_000370.png,1785426795.608766,43,1785426795.3006046,-0.30816149711608887,759,0.09630346298217773,2405
38,right_000380.png,1785426799.623766,47,1785426799.9000874,0.2763214111328125,779,0.08136677742004395,2372
39,right_000390.png,1785426803.635766,48,1785426804.705282,1.0695159435272217,799,0.06378030776977539,2673
40,right_000400.png,1785426807.649766,49,1785426806.705235,-0.9445309638977051,819,0.05487513542175293,2727
41,right_000410.png,1785426811.630766,52,1785426812.3010576,0.6702916622161865,839,0.07443737983703613,2526
42,right_000420.png,1785426815.610766,54,1785426815.9055583,0.29479241371154785,859,0.09222221374511719,2693
43,right_000430.png,1785426819.625766,56,1785426819.5031197,-0.12264633178710938,879,0.07936525344848633,2324
44,right_000440.png,1785426823.607766,58,1785426823.100777,-0.5069890022277832,899,0.09131336212158203,2694
45,right_000450.png,1785426827.619766,61,1785426827.9021397,0.28237366676330566,919,0.08164715766906738,2632
46,right_000460.png,1785426831.6677659,63,1785426831.3052814,-0.3624844551086426,939,0.03357958793640137,2407
47,right_000470.png,1785426835.614766,65,1785426835.1055408,-0.5092251300811768,959,0.08989500999450684,2573
48,right_000480.png,1785426839.628766,68,1785426839.5043523,-0.12441372871398926,979,0.07655835151672363,1431
49,right_000490.png,1785426843.642766,70,1785426843.102092,-0.5406739711761475,999,0.05605363845825195,2410
50,right_000500.png,1785426847.623766,73,1785426848.1030245,0.47925853729248047,1019,0.07619905471801758,2066
51,right_000510.png,1785426851.603766,74,1785426850.7052293,-0.8985366821289062,1039,0.09778475761413574,2697
52,right_000520.png,1785426855.617766,75,1785426855.7030969,0.08533096313476562,1059,0.08533096313476562,2967
53,right_000530.png,1785426859.632766,77,1785426859.5019598,-0.13080620765686035,1079,0.07049822807312012,2103
54,right_000540.png,1785426863.613766,79,1785426862.9043217,-0.7094442844390869,1099,0.09155702590942383,2725
55,right_000550.png,1785426867.626766,82,1785426867.7055113,0.07874536514282227,1119,0.07874536514282227,2447
56,right_000560.png,1785426871.607766,85,1785426871.9022346,0.29446864128112793,1139,0.09170699119567871,2196
57,right_000570.png,1785426875.6217659,88,1785426876.1057782,0.4840123653411865,1159,0.08005213737487793,2063
58,right_000580.png,1785426879.635766,91,1785426880.301368,0.6656019687652588,1179,0.0674734115600586,2260
59,right_000590.png,1785426883.615766,92,1785426881.7048104,-1.9109556674957275,1199,0.08855891227722168,2353
60,right_000600.png,1785426887.629766,93,1785426888.5051432,0.8753771781921387,1219,0.0753333568572998,2316
61,right_000610.png,1785426891.610766,94,1785426890.9047506,-0.7060153484344482,1239,0.09292101860046387,2546
62,right_000620.png,1785426895.6247659,97,1785426895.9029903,0.27822446823120117,1259,0.07682657241821289,2025
63,right_000630.png,1785426899.605766,99,1785426899.103587,-0.5021791458129883,1279,0.09625744819641113,2280
64,right_000640.png,1785426903.619766,102,1785426903.7038443,0.08407831192016602,1299,0.08407831192016602,2634
65,right_000650.png,1785426907.633766,104,1785426907.3016288,-0.3321371078491211,1319,0.07132983207702637,2564
66,right_000660.png,1785426911.613766,106,1785426910.905069,-0.7086968421936035,1339,0.08484911918640137,2315
67,right_000670.png,1785426915.628766,108,1785426915.102211,-0.526555061340332,1359,0.07646036148071289,2433
68,right_000680.png,1785426919.608766,110,1785426919.9034832,0.29471707344055176,1379,0.09642577171325684,2746
69,right_000690.png,1785426923.656766,112,1785426924.5030184,0.84625244140625,1399,0.045752525329589844,2191
70,right_000700.png,1785426927.603766,113,1785426926.5042968,-1.0994691848754883,1418,-0.0997767448425293,2213
71,right_000710.png,1785426931.651766,115,1785426931.900692,0.24892592430114746,1439,0.05333733558654785,2566
72,right_000720.png,1785426935.631766,116,1785426934.5031447,-1.1286213397979736,1459,0.06819868087768555,2712
73,right_000730.png,1785426939.612766,117,1785426939.70178,0.08901405334472656,1479,0.08901405334472656,2583
74,right_000740.png,1785426943.626766,119,1785426943.3003926,-0.3263733386993408,1499,0.07857513427734375,2782
75,right_000750.png,1785426947.606766,121,1785426947.5060031,-0.10076284408569336,1519,0.09650301933288574,2209
76,right_000760.png,1785426951.620766,122,1785426951.50465,-0.11611580848693848,1539,0.08363604545593262,2362
77,right_000770.png,1785426955.635766,126,1785426955.5046809,-0.13108515739440918,1559,0.06961894035339355,2644
78,right_000780.png,1785426959.615766,132,1785426959.902047,0.28628087043762207,1579,0.08482646942138672,2633
79,right_000790.png,1785426963.629766,136,1785426961.5051672,-2.124598741531372,1599,0.07192420959472656,2139
80,right_000800.png,1785426967.610766,136,1785426961.5051672,-6.10559868812561,1619,0.09119915962219238,2341
81,right_000810.png,1785426971.625766,136,1785426961.5051672,-10.120598793029785,1631,-0.3944389820098877,7
82,right_000820.png,1785426975.605766,136,1785426961.5051672,-14.100598812103271,1645,0.09934854507446289,2312
83,right_000830.png,1785426979.619766,136,1785426961.5051672,-18.114598751068115,1665,0.07946395874023438,2373
84,right_000840.png,1785426983.633766,136,1785426961.5051672,-22.12859869003296,1685,0.06761956214904785,2550
85,right_000850.png,1785426987.613766,136,1785426961.5051672,-26.108598709106445,1705,0.08842182159423828,2788
86,right_000860.png,1785426991.628766,136,1785426961.5051672,-30.12359881401062,1725,0.07501792907714844,2744
87,right_000870.png,1785426995.608766,136,1785426961.5051672,-34.103598833084106,1745,0.09642243385314941,2319
88,right_000880.png,1785426999.623766,136,1785426961.5051672,-38.1185986995697,1765,0.07840466499328613,2484
89,right_000890.png,1785427003.604766,136,1785426961.5051672,-42.09959864616394,1785,0.0957174301147461,2962
90,right_000900.png,1785427007.617766,136,1785426961.5051672,-46.11259865760803,1805,0.08403420448303223,2680
91,right_000910.png,1785427011.631766,136,1785426961.5051672,-50.126598834991455,1825,0.07053112983703613,2902
92,right_000920.png,1785427015.612766,136,1785426961.5051672,-54.10759878158569,1845,0.0920114517211914,2444
93,right_000930.png,1785427019.659766,136,1785426961.5051672,-58.15459871292114,1865,0.04588460922241211,2413
94,right_000940.png,1785427023.606766,136,1785426961.5051672,-62.10159873962402,1885,0.09698152542114258,2731
95,right_000950.png,1785427027.620766,136,1785426961.5051672,-66.11559867858887,1905,0.08574533462524414,1529
96,right_000960.png,1785427031.6347659,136,1785426961.5051672,-70.12959861755371,1925,0.04929351806640625,1138
97,right_000970.png,1785427035.615766,136,1785426961.5051672,-74.11059880256653,1945,0.08614873886108398,1146
98,right_000980.png,1785427039.629766,136,1785426961.5051672,-78.12459874153137,1965,0.0738532543182373,1161
